{"cameraMode":{"drawMode":0,"name":"Shaded","section":"Shading Mode"},"sceneLighting":true,"audioPlay":false,"sceneViewState":{"showFog":false,"showMaterialUpdate":false,"showSkybox":false,"showFlares":false,"showImageEffects":false,"showParticleSystems":false},"in2DMode":false,"pivot":{"x":1.0054576396942139,"y":16.72272491455078,"z":-3.6666388511657717},"rotation":{"x":-0.18167473375797273,"y":-0.08044087886810303,"z":0.01491234265267849,"w":-0.9799549579620361},"size":4.193552494049072,"orthographic":false}