{"cameraMode":{"drawMode":0,"name":"Shaded","section":"Shading Mode"},"sceneLighting":false,"audioPlay":false,"sceneViewState":{"showFog":false,"showMaterialUpdate":false,"showSkybox":false,"showFlares":false,"showImageEffects":false,"showParticleSystems":false},"in2DMode":false,"pivot":{"x":-5.0107340812683109,"y":1.099096417427063,"z":0.055599212646484378},"rotation":{"x":-0.13672485947608949,"y":-0.7104905247688294,"z":0.14388228952884675,"w":-0.675142765045166},"size":7.26035213470459,"orthographic":false}