{"cameraMode":{"drawMode":0,"name":"Shaded","section":"Shading Mode"},"sceneLighting":false,"audioPlay":false,"sceneViewState":{"showFog":false,"showMaterialUpdate":false,"showSkybox":false,"showFlares":false,"showImageEffects":false,"showParticleSystems":false},"in2DMode":false,"pivot":{"x":-2.0046401023864748,"y":-0.7233854532241821,"z":-7.954067707061768},"rotation":{"x":-0.007486028131097555,"y":-0.9471372961997986,"z":0.31998977065086367,"w":-0.022161317989230157},"size":4.477577209472656,"orthographic":false}