{"cameraMode":{"drawMode":0,"name":"Shaded","section":"Shading Mode"},"sceneLighting":false,"audioPlay":false,"sceneViewState":{"showFog":false,"showMaterialUpdate":false,"showSkybox":false,"showFlares":false,"showImageEffects":false,"showParticleSystems":false},"in2DMode":false,"pivot":{"x":0.0,"y":1.0750808715820313,"z":1.2927080392837525},"rotation":{"x":-0.18167473375797273,"y":-0.08044087886810303,"z":0.01491234265267849,"w":-0.9799549579620361},"size":4.780240058898926,"orthographic":false}