{"cameraMode":{"drawMode":0,"name":"Shaded","section":"Shading Mode"},"sceneLighting":false,"audioPlay":false,"sceneViewState":{"showFog":false,"showMaterialUpdate":false,"showSkybox":false,"showFlares":false,"showImageEffects":false,"showParticleSystems":false},"in2DMode":false,"pivot":{"x":-0.49108844995498659,"y":0.06183302402496338,"z":-0.7858745455741882},"rotation":{"x":-0.00601736456155777,"y":0.9893242120742798,"z":-0.13922536373138429,"w":-0.04276429861783981},"size":6.07589054107666,"orthographic":false}